{
    "place-alfcl": {
        "average_delay_sec": 1083.8575208915406,
        "average_delay_min": 18.06429201485901
    },
    "place-alsgr": {
        "average_delay_sec": 556.9584209659314,
        "average_delay_min": 9.28264034943219
    },
    "place-amory": {
        "average_delay_sec": 610.8998723114621,
        "average_delay_min": 10.181664538524368
    },
    "place-andrw": {
        "average_delay_sec": 566.972199029839,
        "average_delay_min": 9.449536650497317
    },
    "place-aport": {
        "average_delay_sec": 289.5836365395735,
        "average_delay_min": 4.8263939423262245
    },
    "place-aqucl": {
        "average_delay_sec": 247.74513727350464,
        "average_delay_min": 4.1290856212250775
    },
    "place-armnl": {
        "average_delay_sec": 899.5321353196343,
        "average_delay_min": 14.99220225532724
    },
    "place-asmnl": {
        "average_delay_sec": 991.1018901701364,
        "average_delay_min": 16.51836483616894
    },
    "place-astao": {
        "average_delay_sec": 297.6131660283128,
        "average_delay_min": 4.960219433805213
    },
    "place-babck": {
        "average_delay_sec": 616.825783396708,
        "average_delay_min": 10.280429723278466
    },
    "place-balsq": {
        "average_delay_sec": 1093.8068761551267,
        "average_delay_min": 18.230114602585445
    },
    "place-bbsta": {
        "average_delay_sec": 385.79079694742074,
        "average_delay_min": 6.429846615790345
    },
    "place-bckhl": {
        "average_delay_sec": 1133.9856411093715,
        "average_delay_min": 18.899760685156192
    },
    "place-bcnfd": {
        "average_delay_sec": 874.484591179804,
        "average_delay_min": 14.574743186330068
    },
    "place-bcnwa": {
        "average_delay_sec": 572.0979748116063,
        "average_delay_min": 9.534966246860105
    },
    "place-bland": {
        "average_delay_sec": 671.5018457125011,
        "average_delay_min": 11.191697428541685
    },
    "place-bmmnl": {
        "average_delay_sec": 329.4803784828928,
        "average_delay_min": 5.491339641381546
    },
    "place-bndhl": {
        "average_delay_sec": 529.8260262891438,
        "average_delay_min": 8.83043377148573
    },
    "place-bomnl": {
        "average_delay_sec": 476.3832084688066,
        "average_delay_min": 7.939720141146776
    },
    "place-boyls": {
        "average_delay_sec": 961.534319111291,
        "average_delay_min": 16.025571985188183
    },
    "place-brdwy": {
        "average_delay_sec": 532.5460171890646,
        "average_delay_min": 8.875766953151077
    },
    "place-brico": {
        "average_delay_sec": 615.6722642095568,
        "average_delay_min": 10.261204403492615
    },
    "place-brkhl": {
        "average_delay_sec": 832.5787447562282,
        "average_delay_min": 13.876312412603802
    },
    "place-brmnl": {
        "average_delay_sec": 655.919040203173,
        "average_delay_min": 10.931984003386217
    },
    "place-brntn": {
        "average_delay_sec": 2119.53990158529,
        "average_delay_min": 35.3256650264215
    },
    "place-bucen": {
        "average_delay_sec": 626.4658421105769,
        "average_delay_min": 10.441097368509615
    },
    "place-buest": {
        "average_delay_sec": 582.9961216688675,
        "average_delay_min": 9.716602027814458
    },
    "place-butlr": {
        "average_delay_sec": 123.77827748431758,
        "average_delay_min": 2.062971291405293
    },
    "place-bvmnl": {
        "average_delay_sec": 718.822626201297,
        "average_delay_min": 11.98037710335495
    },
    "place-capst": {
        "average_delay_sec": 144.70427013701936,
        "average_delay_min": 2.4117378356169894
    },
    "place-ccmnl": {
        "average_delay_sec": 375.77386647322385,
        "average_delay_min": 6.262897774553731
    },
    "place-cedgr": {
        "average_delay_sec": 183.4430501493509,
        "average_delay_min": 3.0573841691558483
    },
    "place-cenav": {
        "average_delay_sec": 125.93638784087095,
        "average_delay_min": 2.098939797347849
    },
    "place-chhil": {
        "average_delay_sec": 948.0147418952537,
        "average_delay_min": 15.800245698254228
    },
    "place-chill": {
        "average_delay_sec": 1003.6243847566216,
        "average_delay_min": 16.727073079277027
    },
    "place-chmnl": {
        "average_delay_sec": 666.8077837635973,
        "average_delay_min": 11.113463062726622
    },
    "place-chncl": {
        "average_delay_sec": 381.0723723053119,
        "average_delay_min": 6.351206205088531
    },
    "place-chswk": {
        "average_delay_sec": 1038.2958187406723,
        "average_delay_min": 17.30493031234454
    },
    "place-clmnl": {
        "average_delay_sec": 592.9788062429577,
        "average_delay_min": 9.882980104049295
    },
    "place-cntsq": {
        "average_delay_sec": 807.4086062412108,
        "average_delay_min": 13.45681010402018
    },
    "place-coecl": {
        "average_delay_sec": 874.9763169984097,
        "average_delay_min": 14.582938616640162
    },
    "place-cool": {
        "average_delay_sec": 410.28305646030554,
        "average_delay_min": 6.8380509410050925
    },
    "place-davis": {
        "average_delay_sec": 982.9439483325365,
        "average_delay_min": 16.38239913887561
    },
    "place-denrd": {
        "average_delay_sec": 716.758107092347,
        "average_delay_min": 11.945968451539118
    },
    "place-dwnxg": {
        "average_delay_sec": 418.7661121497445,
        "average_delay_min": 6.979435202495742
    },
    "place-eliot": {
        "average_delay_sec": 1106.0333531532171,
        "average_delay_min": 18.433889219220287
    },
    "place-engav": {
        "average_delay_sec": 697.3754542511747,
        "average_delay_min": 11.622924237519578
    },
    "place-esomr": {
        "average_delay_sec": 889.455073025226,
        "average_delay_min": 14.8242512170871
    },
    "place-fbkst": {
        "average_delay_sec": 559.1824780927913,
        "average_delay_min": 9.319707968213187
    },
    "place-fenwd": {
        "average_delay_sec": 943.8145414846235,
        "average_delay_min": 15.730242358077058
    },
    "place-fenwy": {
        "average_delay_sec": 680.3871961478256,
        "average_delay_min": 11.33978660246376
    },
    "place-fldcr": {
        "average_delay_sec": 764.1096678258541,
        "average_delay_min": 12.735161130430901
    },
    "place-forhl": {
        "average_delay_sec": 1097.4326390221333,
        "average_delay_min": 18.29054398370222
    },
    "place-gilmn": {
        "average_delay_sec": 863.0720416626691,
        "average_delay_min": 14.384534027711151
    },
    "place-gover": {
        "average_delay_sec": 1139.2577915175254,
        "average_delay_min": 18.987629858625425
    },
    "place-grigg": {
        "average_delay_sec": 670.6290035441843,
        "average_delay_min": 11.177150059069739
    },
    "place-grnst": {
        "average_delay_sec": 776.1061450138623,
        "average_delay_min": 12.935102416897704
    },
    "place-haecl": {
        "average_delay_sec": 886.9228011918531,
        "average_delay_min": 14.782046686530885
    },
    "place-harsq": {
        "average_delay_sec": 780.8022554853097,
        "average_delay_min": 13.013370924755161
    },
    "place-harvd": {
        "average_delay_sec": 660.1469878600165,
        "average_delay_min": 11.00244979766694
    },
    "place-hsmnl": {
        "average_delay_sec": 1102.3816883992945,
        "average_delay_min": 18.373028139988243
    },
    "place-hwsst": {
        "average_delay_sec": 361.8245552064411,
        "average_delay_min": 6.030409253440685
    },
    "place-hymnl": {
        "average_delay_sec": 711.3337423514779,
        "average_delay_min": 11.855562372524632
    },
    "place-jaksn": {
        "average_delay_sec": 438.6527870226417,
        "average_delay_min": 7.3108797837106945
    },
    "place-jfk": {
        "average_delay_sec": 532.483248658834,