{
    "place-bomnl": [
        15.227272727272728,
        7.548701299
    ],
    "place-gover": [
        15.827922077922077,
        8.295454545454547
    ],
    "place-state": [
        16.704545454545453,
        9.009740259740258
    ],
    "place-aqucl": [
        17.629870129870127,
        8.246753246753247
    ],
    "place-mvbcl": [
        18.863636363636363,
        7.029220779220779
    ],
    "place-aport": [
        19.529220779220775,
        6.428571428571427
    ],
    "place-wimnl": [
        20.097402597402596,
        5.827922077922079
    ],
    "place-orhte": [
        20.746753246753244,
        5.162337662337663
    ],
    "place-sdmnl": [
        21.36363636363636,
        4.577922077922079
    ],
    "place-rbmnl": [
        22.61363636363636,
        3.2142857142857153
    ],
    "place-bmmnl": [
        21.96428571428571,
        3.896103896103895
    ],
    "place-wondl": [
        23.295454545454543,
        2.6136363636363633
    ],
    "place-river": [
        4.512987012987013,
        15.146103896103895
    ],
    "place-woodl": [
        4.983766233766232,
        14.853896103896105
    ],
    "place-waban": [
        5.324675324675324,
        14.448051948051948
    ],
    "place-eliot": [
        5.7305194805194795,
        14.074675324675324
    ],
    "place-newtn": [
        6.1688311688311686,
        13.717532467532466
    ],
    "place-newto": [
        6.412337662337661,
        13.344155844155845
    ],
    "place-chhil": [
        6.785714285714285,
        12.987012987012989
    ],
    "place-lake": [
        2.646103896103895,
        10.47077922077922
    ],
    "place-sougr": [
        3.0519480519480515,
        10.081168831168831
    ],
    "place-chswk": [
        3.798701298701298,
        9.399350649350648
    ],
    "place-chill": [
        3.457792207792207,
        9.740259740259742
    ],
    "place-clmnl": [
        3.587662337662337,
        12.759740259740258
    ],
    "place-rsmnl": [
        7.191558442,
        12.597402597402596
    ],
    "place-sthld": [
        4.172077922077921,
        9.042207792
    ],
    "place-engav": [
        3.944805194805195,
        12.288961038961038
    ],
    "place-wascm": [
        4.545454545454545,
        8.620129870129869
    ],
    "place-denrd": [
        4.318181818181818,
        11.964285714285715
    ],
    "place-bcnfd": [
        7.499999999999998,
        12.207792207792206
    ],
    "place-alsgr": [
        5.2597402597402585,
        7.889610389610389
    ],
    "place-bcnwa": [
        5.016233766233766,
        11.185064935064936
    ],
    "place-tapst": [
        4.707792207792208,
        11.607142857142858
    ],
    "place-grigg": [
        5.681818181818182,
        7.5
    ],
    "place-sumav": [
        6.136363636363635,
        10.129870129870133
    ],
    "place-fbkst": [
        5.470779220779219,
        10.86038961038961
    ],
    "place-harvd": [
        6.217532467532466,
        7.207792207792206
    ],
    "place-bndhl": [
        5.762987012987011,
        10.503246753246753
    ],
    "place-brkhl": [
        7.873376623376622,
        11.818181818181817
    ],
    "place-brico": [
        6.558441558441558,
        9.756493506493506
    ],
    "place-cool": [
        6.525974025974024,
        9.740259740259742
    ],
    "place-babck": [
        7.191558442,
        7.987012987012989
    ],
    "place-stpul": [
        6.899350649350648,
        9.399350649350648
    ],
    "place-bvmnl": [
        8.198051948051948,
        11.493506493506494
    ],
    "place-amory": [
        7.597402597402596,
        8.279220779220779
    ],
    "place-kntst": [
        7.418831168831168,
        9.123376623376622
    ],
    "place-rvrwy": [
        9.090909091,
        14.237012987012989
    ],
    "place-bckhl": [
        8.766233766233766,
        14.545454545454543
    ],
    "place-hsmnl": [
        8.376623376623376,
        14.935064935064934
    ],
    "place-hwsst": [
        7.954545454545453,
        9.415584415584416
    ],
    "place-longw": [
        8.668831168831169,
        11.103896103896105
    ],
    "place-mispk": [
        9.399350649350648,
        13.847402597402596
    ],
    "place-fenwd": [
        9.74025974,
        13.522727272727272
    ],
    "place-smary": [
        8.344155844155843,
        9.821428571
    ],
    "place-lngmd": [
        10.324675324675324,
        13.01948051948052
    ],
    "place-buest": [
        8.295454545454545,
        8.993506493506494
    ],
    "place-brmnl": [
        10.032467532467532,
        13.27922077922078
    ],
    "place-bucen": [
        7.954545454545453,
        8.685064935064936
    ],
    "place-bland": [
        8.668831168831169,
        9.350649350649352
    ],
    "place-mfa": [
        10.633116883116882,
        12.62987012987013
    ],
    "place-kencl": [
        9.886363636363637,
        10.178571428571429
    ],
    "place-fenwy": [
        8.993506493506493,
        10.73051948051948
    ],
    "place-nuniv": [
        10.957792207792206,
        12.32142857142857
    ],
    "place-hymnl": [
        10.892857142857142,
        10.162337662337665
    ],
    "place-symcl": [
        11.185064935064934,
        12.061688311688313
    ],
    "place-wrnst": [
        4.886363636363635,
        8.198051948051948
    ],
    "place-prmnl": [
        11.185064935064934,
        11.185064935064936
    ],
    "place-coecl": [
        11.915584415584416,
        10.211038961038962
    ],
    "place-lech": [
        15.568181818181817,
        5.714285714285715
    ],
    "place-armnl": [
        12.938311688311686,
        10.194805194805197
    ],
    "place-spmnl": [
        16.136363636363633,
        6.217532467532468
    ],
    "place-boyls": [
        14.058441558441558,
        10.032467532467532
    ],
    "place-pktrm": [
        14.935064935064933,
        9.155844155844155
    ],
    "place-north": [
        16.704545454545453,
        6.720779220779221
    ],
    "place-haecl": [
        16.737012987012985,
        7.451298701
    ],
    "place-masta": [
        12.581168831168831,
        13.522727272727272
    ],
    "place-forhl": [
        8.392857142857142,
        17.71103896103896
    ],
    "place-grnst": [
        9.172077922,
        16.915584415584412
    ],
    "place-sbmnl": [
        9.935064935064934,
        16.233766233766232
    ],
    "place-jaksn": [
        10.698051948051948,
        15.487012987012989
    ],
    "place-rcmnl": [
        11.396103896103895,
        14.642857142857142
    ],
    "place-rugg": [
        12.045454545454543,
        14.123376623376624
    ],
    "place-astao": [
        16.720779220779217,
        3.668831168831169
    ],
    "place-welln": [
        16.720779220779217,
        3.0357142857142847
    ],
    "place-sull": [
        16.737012987012985,
        4.301948051948052
    ],
    "place-bbsta": [
        13.18181818181818,
        12.905844155844155
    ],
    "place-mlmnl": [
        16.720779220779217,
        2.3863636363636367
    ],
    "place-ogmnl": [
        16.688311688311686,
        1.737012987012989
    ],
    "place-ccmnl": [
        16.704545454545453,
        4.935064935064936
    ],
    "place-tumnl": [
        14.13961038961039,
        12.012987012987011
    ],
    "place-chncl": [
        15.064935064935064,
        11.087662337662335
    ],
    "place-dwnxg": [
        15.909090909090908,
        10.194805194805197
    ],
    "place-alfcl": [
        9.009740259740258,
        3.311688311688311
    ],
    "place-davis": [
        9.902597403,
        4.188311688311689
    ],
    "place-portr": [
        10.68181818181818,
        4.951298701
    ],
    "place-harsq": [
        11.509740259740258,
        5.779220779220779
    ],
    "place-cntsq": [
        12.3538961,
        6.590909091
    ],
    "place-knncl": [
        13.149350649350648,
        7.386363636363637
    ],